ticket,price
AACBU,$10.06
AACG,$0.9199
AADI,$1.98
AAL,$10.87
AAME,$1.43
AAOI,$22.11
AAON,$82.14
AAPG,$19.00
AAPL,$213.49
AARD,$10.01
ABAT,$0.98
ABCL,$2.52
ABEO,$5.29
ABL,$7.62
ABLLL,$26.23
ABLLW,$1.48
ABLV,$1.02
ABLVW,$0.0201
ABNB,$122.86
ABOS,$1.26
ABP,$0.479
ABSI,$3.14
ABTS,$3.16
ABUS,$3.30
ABVC,$0.6459
ABVE,$0.42
ABVEW,$0.0291
ABVX,$5.94
ACAD,$17.50
ACB,$4.41
ACCD,$6.98
ACDC,$7.27
ACET,$0.7826
ACGL,$92.57
ACGLN,$17.89
ACGLO,$21.08
ACHC,$28.54
ACHL,$1.43
ACHV,$2.76
ACIC,$12.28
ACIU,$2.29
ACIW,$52.92
ACLS,$58.47
ACLX,$71.68
ACMR,$29.18
ACNB,$41.30
ACNT,$12.45
ACOG,$5.44
ACON,$0.772
ACONW,$0.0589
ACRS,$1.56
ACRV,$5.44
ACT,$33.40
ACTG,$3.58
ACTU,$7.25
ACVA,$14.31
ACXP,$0.461
ADAG,$1.7714
ADAP,$0.4503
ADBE,$394.74
ADD,$1.03
ADEA,$13.67
ADGM,$1.08
ADI,$208.75
ADIL,$0.6939
ADMA,$18.43
ADN,$4.27
ADNWW,$0.011
ADP,$291.76
ADPT,$7.28
ADSE,$13.72
ADSEW,$2.64
ADSK,$254.43
ADTN,$9.10
ADTX,$0.0201
ADUR,$5.14
ADUS,$90.28
ADV,$1.70
ADVB,$3.78
ADVM,$4.61
ADVWW,$0.0148
ADXN,$7.54
AEHL,$0.1058
AEHR,$9.34
AEI,$0.8599
AEIS,$106.19
AEMD,$0.3736
AENT,$3.64
AENTW,$0.22
AEP,$105.56
AERT,$0.5611
AEVA,$2.72
AEVAW,$0.0604
AEYE,$11.34
AFBI,$17.47
AFCG,$6.62
AFJK,$10.95
AFMD,$0.88
AFRI,$8.66
AFRM,$50.08
AFYA,$18.03
AGAE,$1.0963
AGEN,$1.86
AGFY,$17.57
AGH,$0.6113
AGIO,$30.93
AGMH,$0.113
AGNC,$10.24
AGNCL,$25.165
AGNCM,$25.4469
AGNCN,$26.24
AGNCO,$25.90
AGNCP,$25.30
AGRI,$1.49
AGYS,$74.35
AHCO,$9.60
AHG,$1.2482
AIEV,$0.171
AIFE,$10.00
AIFEU,$10.21
AIFF,$4.25
AIFU,$0.3715
AIHS,$0.8581
AIMAW,$0.03
AIMD,$0.5211
AIMDW,$0.25
AIOT,$5.91
AIP,$7.63
AIRE,$1.28
AIRG,$4.36
AIRJ,$7.76
AIRJW,$1.06
AIRS,$2.86
AIRT,$17.85
AIRTP,$17.50
AISP,$3.76
AISPW,$0.9306
AITR,$10.96
AITRR,$0.1732
AIXI,$3.97
AKAM,$80.73
AKAN,$1.45
AKBA,$2.26
AKRO,$44.15
AKTX,$1.08
AKYA,$1.50
ALAB,$72.18
ALAR,$7.44
ALBT,$4.89
ALCO,$29.005
ALCY,$11.06
ALCYW,$0.13
ALDF,$10.06
ALDFW,$0.26
ALDX,$6.91
ALEC,$1.45
ALF,$10.23
ALFUW,$0.1401
ALGM,$26.78
ALGN,$166.20
ALGS,$11.44
ALGT,$54.23
ALHC,$15.79
ALKS,$34.03
ALKT,$25.26
ALLK,$0.247
ALLO,$1.94
ALLR,$0.9586
ALLT,$5.56
ALMS,$4.57
ALNT,$23.65
ALNY,$241.76
ALOT,$10.84
ALRM,$58.49
ALRS,$18.29
ALT,$5.92
ALTI,$2.66
ALTO,$1.32
ALTR,$111.35
ALTS,$4.64
ALVO,$11.30
ALVOW,$1.83
ALVR,$9.65
ALXO,$0.8301
ALZN,$0.6772
AMAL,$29.14
AMAT,$155.66
AMBA,$54.78
AMBR,$11.88
AMCX,$6.99
AMD,$100.97
AMED,$92.57
AMGN,$313.71
AMIX,$1.85
AMKR,$19.61
AMLX,$3.625
AMOD,$1.66
AMODW,$0.07
AMPG,$1.86
AMPGW,$0.3867
AMPH,$26.66
AMPL,$11.75
AMRK,$27.75
AMRN,$0.4138
AMRX,$8.75
AMSC,$20.00
AMSF,$51.20
AMST,$2.50
AMTX,$1.68
AMWD,$59.02
AMZN,$197.95
ANAB,$16.73
ANDE,$41.91
ANEB,$1.71
ANGH,$0.676
ANGHW,$0.0147
ANGI,$1.57
ANGO,$9.01
ANIK,$15.91
ANIP,$62.49
ANIX,$2.96
ANL,$2.28
ANNA,$5.60
ANNAW,$0.1999
ANNX,$2.60
ANSC,$10.62
ANSCW,$0.3801
ANSS,$322.68
ANTE,$0.8134
ANTX,$1.40
ANY,$0.493
AOSL,$26.65
AOUT,$12.81
APA,$19.61
APCX,$0.3702
APCXW,$0.1898
APDN,$2.26
APEI,$21.68
APGE,$39.94
API,$5.70
APLD,$7.00
APLM,$7.69
APLMW,$0.0106
APLS,$24.66
APLT,$0.5134
APM,$0.902
APOG,$48.41
APP,$292.89
APPF,$216.74
APPN,$30.18
APPS,$3.35
APRE,$2.40
APTO,$3.69
APVO,$2.41
APWC,$1.5611
APYX,$1.00
AQB,$0.6451
AQMS,$2.05
AQST,$2.84
ARAY,$1.83
ARBB,$0.6932
ARBE,$1.22
ARBEW,$0.2606
ARBK,$0.4112
ARBKL,$7.98
ARCB,$73.35
ARCC,$21.28
ARCT,$14.08
ARDX,$5.47
AREB,$0.2143
AREC,$0.48
ARGX,$604.96
ARHS,$8.85
ARKO,$3.90
ARKOW,$0.0669
ARKR,$10.10
ARLP,$25.19
ARM,$117.94
AROW,$26.30
ARQ,$4.97
ARQQ,$15.00
ARQQW,$2.07
ARQT,$14.62
ARRY,$6.08
ARTL,$0.96
ARTNA,$31.97
ARTV,$5.10
ARTW,$1.67
ARVN,$8.43
ARWR,$15.36
ASBP,$0.62
ASBPW,$0.0699
ASLE,$8.39
ASMB,$10.86
ASML,$714.00
ASND,$152.98
ASNS,$0.758
ASO,$45.10
ASPCR,$0.15
ASPCU,$10.20
ASPI,$4.23
ASPS,$0.86
ASRT,$0.7223
ASRV,$2.45
ASST,$0.525
ASTC,$6.49
ASTE,$36.65
ASTH,$29.34
ASTI,$1.77
ASTL,$6.55
ASTLW,$0.55
ASTS,$28.15
ASUR,$9.53
ASYS,$4.94
ATAI,$1.48
ATAT,$31.25
ATCOL,$25.1383
ATEC,$9.29
ATER,$2.14
ATEX,$37.97
ATGL,$24.9015
ATHA,$0.3353
ATHE,$3.94
ATIIU,$10.04
ATLC,$48.64
ATLCL,$24.0126
ATLCP,$23.5999
ATLCZ,$25.06
ATLN,$4.94
ATLO,$17.98
ATLX,$5.45
ATMC,$11.60
ATMCR,$0.1871
ATMCW,$0.0133
ATMVR,$0.1901
ATNF,$1.07
ATNFW,$0.0085
ATNI,$22.18
ATOM,$5.90
ATOS,$0.7197
ATPC,$1.02
ATRA,$7.25
ATRC,$33.31
ATRO,$24.77
ATSG,$22.335
ATXG,$0.919
ATXI,$0.79
ATXS,$6.45
ATYR,$3.97
AUBN,$20.97
AUDC,$10.41
AUID,$4.7439
AUPH,$8.16
AUR,$6.97
AURA,$7.35
AUROW,$1.40
AUTL,$1.87
AUUD,$0.299
AVAH,$5.19
AVAV,$129.45
AVBP,$21.00
AVDL,$8.33
AVDX,$7.92
AVGO,$195.54
AVIR,$3.08
AVNW,$19.065
AVO,$10.10
AVPT,$14.66
AVPTW,$4.3314
AVR,$6.86
AVT,$47.79
AVTE,$2.47
AVTX,$7.39
AVXL,$9.43
AWH,$0.14
AWRE,$1.64
AXDX,$1.15
AXGN,$17.25
AXON,$556.26
AXSM,$121.91
AXTI,$1.80
AYRO,$0.557
AYTU,$1.2049
AZ,$6.75
AZI,$0.5001
AZN,$77.60
AZTA,$36.80
BACK,$0.569
BACQ,$9.99
BACQR,$0.18
BACQU,$10.19
BAER,$1.835
BAERW,$0.095
BAFN,$18.58
BAND,$14.85
BANF,$111.56
BANFP,$26.47
BANL,$1.149
BANR,$64.01
BANX,$21.08
BAOS,$2.37
BASE,$13.68
BATRA,$42.045
BATRK,$38.48
BAYA,$10.85
BAYAR,$0.18
BBCP,$5.64
BBGI,$5.81
BBIO,$32.97
BBLG,$0.83
BBLGW,$20.20
BBNX,$14.67
BBSI,$39.825
BCAB,$0.3438
BCAL,$14.92
BCAX,$12.42
BCBP,$9.91
BCDA,$2.60
BCG,$1.92
BCGWW,$0.08
BCLI,$1.59
BCML,$25.02
BCPC,$167.72
BCRX,$7.70
BCTX,$3.84
BCTXW,$0.1046
BCYC,$9.69
BDMD,$6.07
BDRX,$1.90
BDSX,$0.7221
BDTX,$1.72
BEAG,$10.05
BEAGR,$0.23
BEAGU,$10.27
BEAM,$24.23
BEAT,$2.05
BEATW,$0.5575
BECN,$118.34
BEEM,$2.21
BELFA,$76.29
BELFB,$76.39
BENF,$0.319
BENFW,$0.0072
BETR,$11.83
BETRW,$0.084
BFC,$100.805
BFIN,$12.69
BFRG,$1.72
BFRGW,$0.67
BFRI,$0.9255
BFRIW,$0.0565
BFST,$24.40
BGC,$8.81
BGFV,$0.99
BGLC,$0.35
BGM,$9.60
BHAT,$0.027
BHF,$55.60
BHFAL,$21.71
BHFAM,$15.23
BHFAN,$16.76
BHFAO,$22.28
BHFAP,$21.16
BHIL,$0.779
BHRB,$58.74
BHST,$5.85
BIAF,$0.367
BIDU,$93.82
BIGC,$5.97
BIIB,$139.44
BILI,$21.44
BIOA,$4.35
BIOX,$4.63
BIRD,$5.37
BITF,$1.11
BIVI,$1.08
BJDX,$4.0429
BJRI,$32.36
BKHAR,$2.00
BKNG,$4465.48
BKR,$42.84
BKYI,$1.20
BL,$49.89
BLBD,$34.26
BLBX,$3.27
BLDE,$3.14
BLDEW,$0.26
BLDP,$1.32
BLFS,$25.00
BLFY,$9.30
BLIN,$1.48
BLKB,$63.45
BLMN,$8.55
BLMZ,$0.256
BLNE,$3.72
BLNK,$0.9542
BLRX,$3.16
BLTE,$67.445
BLUE,$3.75
BLZE,$5.18
BMBL,$4.82
BMEA,$2.54
BMGL,$4.0893
BMR,$2.49
BMRA,$0.6215
BMRC,$22.63
BMRN,$69.44
BNAI,$0.3704
BNGO,$3.47
BNR,$5.96
BNRG,$1.23
BNTC,$14.97
BNTX,$99.47
BNZI,$1.12
BNZIW,$0.025
BOF,$1.90
BOKF,$101.93
BOLD,$1.68
BOLT,$0.414
BON,$1.44
BOOM,$8.09
BOSC,$3.83
BOTJ,$13.12
BOWN,$3.93
BOWNR,$0.29
BOWNU,$4.99
BOXL,$1.41
BPMC,$89.58
BPOP,$90.11
BPOPM,$25.10
BPRN,$30.02
BPYPM,$15.29
BPYPN,$13.84
BPYPO,$14.85
BPYPP,$15.60
BRAG,$4.25
BREA,$0.6751
BRFH,$3.1499
BRID,$10.19
BRKL,$10.93
BRKR,$45.97
BRLS,$5.945
BRLSW,$0.1001
BRLT,$1.49
BRNS,$1.06
BROG,$1.28
BRTX,$1.77
BRY,$3.375
BRZE,$35.28
BSBK,$7.83
BSET,$15.09
BSGM,$0.6135
BSII,$10.02
BSIIW,$0.20
BSLK,$0.3303
BSRR,$28.555
BSVN,$38.86
BSY,$41.44
BTAI,$2.13
BTBD,$1.48
BTBT,$2.44
BTCS,$1.87
BTCT,$4.34
BTCTW,$0.0316
BTDR,$10.35
BTM,$1.37
BTMD,$3.76
BTMWW,$0.0699
BTOC,$1.13
BTOG,$0.31
BTSG,$17.42
BTSGU,$63.47
BUJA,$11.31
BUJAR,$0.21
BUJAU,$12.72
BUJAW,$0.0275
BUSE,$22.08
BVFL,$15.11
BVS,$9.61
BWAY,$10.21
BWB,$13.90
BWBBP,$19.01
BWEN,$1.48
BWFG,$29.33
BWIN,$39.97
BWMN,$23.29
BYFC,$7.23
BYND,$3.39
BYRN,$20.85
BYSI,$1.7406
BZ,$19.75
BZAI,$3.52
BZAIW,$0.4206
BZFD,$2.20
BZFDW,$0.0756
BZUN,$3.38
CAAS,$4.43
CABA,$1.82
CAC,$41.31
CACC,$478.21
CADL,$8.75
CAKE,$46.19
CALC,$1.98
CALM,$83.03
CAMP,$5.55
CAMT,$65.89
CAN,$1.11
CAPR,$13.23
CAPS,$2.50
CAPT,$0.57
CAPTW,$0.0126
CAR,$61.95
CARA,$5.13
CARE,$16.56
CARG,$30.78
CARM,$0.411
CART,$38.57
CARV,$1.38
CASH,$71.90
CASI,$2.225
CASK,$0.494
CASS,$43.16
CASY,$395.63
CATY,$43.37
CBAT,$0.85
CBFV,$27.70
CBLL,$21.03
CBNK,$28.27
CBRL,$40.26
CBSH,$60.71
CBUS,$2.20
CCAP,$17.12
CCB,$84.13
CCBG,$35.32
CCCC,$2.03
CCCS,$9.32
CCD,$21.73
CCEC,$19.61
CCEP,$83.40
CCG,$0.9801
CCGWW,$0.025
CCIR,$11.49
CCIRU,$12.07
CCIRW,$1.50
CCIX,$10.62
CCIXW,$0.65
CCLD,$1.47
CCLDO,$19.60
CCNE,$22.80
CCNEP,$24.7772
CCOI,$68.52
CCRN,$15.58
CCSI,$23.87
CCTG,$1.58
CDIO,$0.4243
CDIOW,$0.0303
CDLX,$2.47
CDNA,$18.90
CDNS,$247.43
CDRO,$7.06
CDROW,$0.635
CDT,$1.09
CDTG,$1.314
CDTX,$22.05
CDW,$167.00
CDXC,$7.84
CDXS,$2.78
CDZI,$3.57
CDZIP,$18.51
CEAD,$8.50
CECO,$23.25
CEG,$216.46
CELC,$10.03
CELH,$27.08
CELU,$1.55
CELUW,$0.07
CELZ,$3.27
CENN,$0.9871
CENT,$36.61
CENTA,$32.34
CENX,$19.95
CEP,$10.35
CEPO,$10.12
CERO,$1.02
CEROW,$0.013
CERS,$1.45
CERT,$10.92
CETX,$1.69
CETY,$0.5481
CEVA,$30.85
CFBK,$21.73
CFFI,$71.55
CFFN,$5.69
CFLT,$26.36
CFSB,$7.81
CG,$42.36
CGABL,$17.78
CGBD,$16.75
CGBDL,$25.50
CGBS,$0.2633
CGBSW,$0.0403
CGC,$1.10
CGEM,$8.79
CGEN,$1.65
CGNT,$8.32
CGNX,$31.51
CGO,$10.48
CGON,$27.80
CGTL,$3.41
CGTX,$0.4474
CHAR,$10.07
CHARR,$0.18
CHCI,$6.41
CHCO,$117.95
CHDN,$110.50
CHEF,$52.46
CHEK,$0.77
CHI,$10.03
CHKP,$224.84
CHMG,$48.81
CHNR,$0.56
CHR,$1.72
CHRD,$106.21
CHRS,$0.9201
CHRW,$98.38
CHSCL,$25.84
CHSCM,$25.24
CHSCN,$25.62
CHSCO,$26.84
CHSCP,$28.26
CHSN,$0.2326
CHTR,$351.50
CHW,$6.535
CHX,$29.37
CHY,$10.32
CIFR,$3.04
CIFRW,$0.50
CIGI,$122.75
CINF,$145.39
CING,$3.59
CISO,$1.13
CISS,$0.7101
CIVB,$19.36
CJET,$1.18
CJMB,$5.30
CKPT,$3.97
CLAR,$4.04
CLBK,$15.20
CLBT,$18.25
CLDX,$20.42
CLEU,$1.91
CLFD,$29.46
CLGN,$3.2681
CLIK,$1.26
CLIR,$0.8051
CLLS,$1.24
CLMB,$111.66
CLMT,$12.06
CLNE,$1.76
CLNN,$4.43
CLNNW,$0.0397
CLOV,$3.66
CLPS,$1.22
CLPT,$12.80
CLRB,$0.3156
CLRCR,$0.2162
CLRCU,$12.04
CLRCW,$0.0196
CLRO,$0.6421
CLSD,$0.8897
CLSK,$7.97
CLSKW,$0.3799
CLST,$11.70
CLWT,$1.31
CLYM,$1.35
CMBM,$0.60
CMCO,$18.34
CMCSA,$35.43
CMCT,$0.2907
CME,$258.68
CMLS,$0.4611
CMMB,$1.41
CMND,$1.14
CMPO,$11.02
CMPOW,$3.88
CMPR,$41.88
CMPS,$3.48
CMPX,$2.46
CMRX,$8.46
CMTL,$1.76
CNCK,$6.53
CNCKW,$0.83
CNDT,$3.13
CNET,$1.45
CNEY,$0.1762
CNFR,$0.81
CNFRZ,$22.00
CNOB,$23.33
CNOBP,$22.8658
CNSP,$3.12
CNTA,$17.14
CNTB,$0.8561
CNTM,$0.711
CNTX,$0.706
CNTY,$1.90
CNVS,$3.66
CNXC,$45.02
CNXN,$60.51
COCH,$1.43
COCHW,$0.0271
COCO,$34.68
COCP,$1.6444
CODA,$6.62
CODX,$0.4843
COEP,$11.06
COEPW,$0.0224
COFS,$28.59
COGT,$7.14
COHU,$17.03
COIN,$183.12
COKE,$1318.47
COLB,$24.77
COLL,$29.46
COLM,$78.42
COMM,$5.07
COO,$81.22
COOP,$101.56
COOT,$1.41
COOTW,$0.0254
CORT,$56.01
CORZ,$8.81
CORZW,$4.08
CORZZ,$8.75
COSM,$0.4843
COST,$903.92
COYA,$6.49
CPB,$38.42
CPBI,$14.76
CPHC,$19.045
CPIX,$5.46
CPOP,$0.6303
CPRT,$52.65
CPRX,$21.02
CPSH,$1.52
CPSS,$8.685
CPZ,$15.48
CRAI,$172.33
CRBP,$6.79
CRBU,$1.01
CRCT,$5.38
CRDF,$4.00
CRDL,$1.13
CRDO,$49.15
CREG,$0.686
CRESW,$0.82
CRESY,$10.83
CREV,$2.77
CREVW,$0.0301
CREX,$1.88
CRGO,$2.41
CRGOW,$0.20
CRGX,$4.21
CRIS,$2.84
CRMD,$10.47
CRML,$1.98
CRMLW,$0.30
CRMT,$46.23
CRNC,$9.74
CRNT,$2.73
CRNX,$34.47
CRON,$1.89
CROX,$98.60
CRSP,$42.12
CRSR,$10.52
CRTO,$36.23
CRUS,$99.82
CRVL,$106.65
CRVO,$6.44
CRVS,$4.52
CRWD,$353.735
CRWS,$3.8335
CSAI,$5.10
CSBR,$9.23
CSCI,$3.29
CSCO,$60.50
CSGP,$78.73
CSGS,$60.67
CSIQ,$9.43
CSLR,$1.53
CSLRW,$0.1499
CSPI,$16.06
CSQ,$16.29
CSTE,$3.01
CSTL,$19.29
CSWC,$21.69
CSWCZ,$25.90
CSWI,$291.01
CSX,$30.01
CTAS,$192.84
CTBI,$51.30
CTHR,$0.9986
CTKB,$4.20
CTLP,$7.71
CTMX,$0.6496
CTNM,$6.67
CTNT,$1.55
CTOR,$0.734
CTRM,$2.45
CTRN,$20.65
CTSH,$79.12
CTSO,$1.10
CTXR,$1.50
CUB,$10.23
CUBA,$2.65
CUBWU,$10.22
CUE,$0.9569
CURI,$2.675
CURIW,$0.0385
CURR,$2.03
CVAC,$3.01
CVBF,$18.78
CVCO,$506.825
CVGI,$1.565
CVGW,$23.15
CVKD,$19.09
CVLT,$159.17
CVRX,$11.44
CVV,$3.10
CWBC,$18.00
CWCO,$29.18
CWD,$0.588
CWST,$107.50
CXAI,$0.99
CXAIW,$0.14
CXDO,$5.75
CYBR,$339.47
CYCC,$0.297
CYCCP,$5.77
CYCN,$2.53
CYCU,$0.538
CYCUW,$0.0629
CYN,$4.65
CYRX,$6.41
CYTH,$0.70
CYTHW,$0.1699
CYTK,$44.36
CZFS,$56.87
CZNC,$20.21
CZR,$28.07
CZWI,$14.64
DADA,$1.85
DAIO,$2.47
DAKT,$12.72
DALN,$7.00
DARE,$2.88
DASH,$183.50
DATS,$2.10
DATSW,$0.2689
DAVE,$86.30
DAVEW,$0.1578
DAWN,$8.12
DBVT,$4.87
DBX,$25.62
DCBO,$29.45
DCGO,$2.85
DCOM,$28.00
DCOMG,$26.1178
DCOMP,$19.40
DCTH,$12.58
DDI,$9.65
DDOG,$101.80
DECA,$12.02
DECAU,$11.84
DENN,$3.93
DERM,$5.25
DEVS,$0.3759
DFLI,$1.17
DFLIW,$0.0299
DGHI,$1.23
DGICA,$18.20
DGICB,$14.9869
DGII,$29.03
DGLY,$0.0788
DGNX,$52.81
DH,$2.59
DHAI,$0.3056
DHAIW,$0.014
DHC,$2.64
DHCNI,$14.29
DHCNL,$15.325
DHIL,$145.80
DIBS,$3.04
DIOD,$46.03
DISTR,$0.17
DJCO,$393.78
DJT,$20.21
DJTWW,$12.25
DKNG,$37.87
DLHC,$4.64
DLO,$8.62
DLPN,$1.01
DLTH,$2.28
DLTR,$64.56
DMAA,$9.99
DMAAR,$0.14
DMAAU,$10.14
DMAC,$5.77
DMLP,$29.71
DMN,$0.162
DMRC,$14.47
DNLI,$15.15
DNTH,$21.33
DNUT,$5.36
DOCU,$85.76
DOGZ,$27.51
DOMH,$4.71
DOMO,$8.49
DOOO,$38.505
DORM,$127.59
DOX,$87.99
DOYU,$8.79
DPRO,$2.48
DPZ,$425.58
DRCT,$0.779
DRDB,$9.99
DRDBU,$10.13
DRDBW,$0.28
DRIO,$0.6658
DRMA,$1.19
DRRX,$0.86
DRS,$32.23
DRTS,$2.65
DRUG,$35.78
DRVN,$16.95
DSGN,$4.705
DSGR,$29.55
DSGX,$99.39
DSP,$12.24
DSWL,$2.3339
DSY,$1.29
DSYWW,$0.0249
DTCK,$0.94
DTI,$2.70
DTIL,$5.04
DTSQ,$10.21
DTSQR,$0.175
DTSQU,$10.33
DTSS,$2.14
DTST,$3.56
DTSTW,$0.36
DUO,$0.4194
DUOL,$283.54
DUOT,$5.89
DVAX,$13.87
DVLT,$0.9075
DWSN,$1.40
DWTX,$6.12
DXCM,$70.69
DXLG,$1.85
DXPE,$85.55
DXR,$8.1817
DXST,$0.99
DYAI,$1.38
DYCQ,$10.62
DYN,$12.05
DYNX,$9.885
DYNXU,$10.01
DYNXW,$0.28
EA,$138.71
EBAY,$65.28
EBC,$16.27
EBMT,$16.85
EBON,$4.5783
EBTC,$39.53
ECBK,$14.88
ECDA,$0.7799
ECDAW,$0.017
ECOR,$8.56
ECPG,$34.27
ECX,$2.71
ECXWW,$0.09
EDAP,$2.25
EDBL,$2.82
EDBLW,$0.054
EDIT,$1.46
EDRY,$10.63
EDSA,$2.39
EDTK,$1.055
EDUC,$1.34
EEFT,$102.30
EEIQ,$0.71
EFOI,$2.11
EFSC,$55.83
EFSCP,$18.81
EFSI,$32.59
EGAN,$4.76
EGBN,$21.25
EH,$24.18
EHGO,$1.04
EHLDV,$15.94
EHTH,$7.83
EJH,$0.91
EKSO,$0.4239
ELAB,$4.18
ELBM,$1.43
ELDN,$3.65
ELEV,$0.5328
ELPW,$0.7268
ELSE,$4.5001
ELTK,$8.50
ELTX,$7.75
ELUT,$3.18
ELVA,$2.50
ELVN,$20.74
ELWS,$1.95
EM,$1.12
EMBC,$13.15
EMCG,$11.97
EMCGR,$0.18
EML,$26.62
ENGN,$5.40
ENGNW,$0.69
ENLT,$17.4045
ENLV,$1.22
ENPH,$58.13
ENSC,$3.89
ENSG,$125.40
ENTA,$6.65
ENTG,$98.37
ENTO,$0.482
ENTX,$1.88
ENVB,$1.73
ENVX,$7.65
EOLS,$13.20
EOSE,$4.13
EOSEW,$0.40
EPIX,$1.62
EPOW,$0.87
EPRX,$4.15
EPSN,$6.99
EPWK,$4.84
EQ,$0.7549
EQIX,$837.68
ERAS,$1.44
ERIC,$8.20
ERIE,$421.53
ERII,$16.38
ERNA,$0.2569
ESCA,$15.03
ESEA,$32.58
ESEAV,$26.00
ESGL,$2.0291
ESGLW,$0.0172
ESGR,$331.94
ESGRO,$20.62
ESGRP,$21.36
ESHA,$10.77
ESHAR,$0.085
ESLA,$0.92
ESLT,$367.74
ESOA,$9.58
ESPR,$1.50
ESQ,$73.10
ESSA,$19.30
ESTA,$37.04
ETNB,$8.47
ETON,$15.58
ETSY,$45.65
EU,$1.45
EUDA,$3.75
EUDAW,$0.11
EURK,$10.27
EURKR,$0.24
EURKU,$10.47
EVAX,$1.78
EVCM,$9.36
EVER,$26.61
EVGN,$1.43
EVGO,$2.40
EVGOW,$0.2599
EVLV,$3.16
EVLVW,$0.21
EVO,$3.51
EVOK,$3.82
EVRG,$67.45
EVTV,$0.257
EWBC,$87.97
EWCZ,$4.35
EWTX,$25.67
EXAS,$45.00
EXC,$44.19
EXE,$102.60
EXEEL,$87.22
EXEL,$36.65
EXFY,$3.42
EXLS,$46.16
EXOZ,$15.35
EXPE,$162.11
EXPI,$9.69
EXPO,$82.73
EXTR,$14.53
EYE,$11.65
EYEN,$1.65
EYPT,$6.52
EZGO,$0.415
EZPW,$13.45
FA,$13.09
FAAS,$0.54
FAASW,$0.0401
FACT,$10.00
FACTU,$10.06
FACTW,$0.2001
FAMI,$0.1569
FANG,$150.20
FARM,$2.22
FARO,$29.43
FAST,$75.26
FAT,$3.35
FATBB,$3.04
FATBP,$9.59
FATE,$0.9415
FBGL,$0.8021
FBIO,$1.67
FBIOP,$6.64
FBIZ,$47.39
FBLA,$11.25
FBLG,$1.02
FBNC,$39.87
FBRX,$5.80
FBYD,$8.43
FBYDW,$1.04
FCAP,$38.05
FCBC,$38.80
FCCO,$22.45
FCEL,$6.18
FCFS,$116.94
FCNCA,$1807.49
FCNCO,$22.98
FCNCP,$22.90
FCUV,$4.948
FDBC,$42.83
FDMT,$4.11
FDSB,$12.32
FDUS,$21.23
FEAM,$3.3388
FEBO,$1.155
FEIM,$16.00
FELE,$100.08
FEMY,$1.57
FENC,$6.51
FER,$43.39
FERAU,$10.02
FFAI,$1.30
FFAIW,$0.0382
FFBC,$24.85
FFIC,$13.10
FFIN,$35.78
FFIV,$262.46
FFNW,$22.53
FGBI,$6.83
FGBIP,$18.81
FGEN,$0.4393
FGF,$18.90
FGFPP,$16.86
FGI,$0.8111
FGIWW,$0.0498
FGL,$1.29
FGMC,$9.57
FGMCR,$0.216
FGMCU,$9.76
FHB,$24.66
FHTX,$4.43
FIBK,$28.85
FINW,$17.70
FIP,$4.80
FISI,$26.05
FITB,$38.55
FITBI,$25.64
FITBO,$22.33
FITBP,$24.76
FIVE,$73.00
FIVN,$29.48
FIZZ,$40.12
FKWL,$5.80
FLD,$7.39
FLDDW,$0.85
FLEX,$34.49
FLGC,$0.6203
FLGT,$17.24
FLIC,$12.00
FLL,$4.025
FLNC,$5.13
FLNT,$2.07
FLUX,$1.41
FLWS,$5.84
FLX,$8.2523
FLXS,$38.78
FLYE,$0.4749
FLYW,$10.54
FMAO,$23.65
FMBH,$35.45
FMNB,$13.14
FMST,$0.702
FMTO,$2.20
FNGR,$1.35
FNKO,$7.04
FNLC,$24.81
FNWB,$10.18
FNWD,$29.45
FOLD,$8.90
FONR,$13.82
FORA,$2.07
FORD,$3.61
FORLW,$0.05
FORM,$32.00
FORR,$10.12
FORTY,$99.33
FOSL,$1.54
FOSLL,$15.35
FOX,$48.47
FOXA,$52.28
FOXF,$24.80
FOXX,$4.71
FOXXW,$0.1351
FPAY,$1.42
FRAF,$35.62
FRBA,$14.83
FRGT,$1.465
FRHC,$126.89
FRME,$40.31
FRMEP,$25.2875
FROG,$33.58
FRPH,$27.865
FRPT,$87.84
FRSH,$14.88
FRST,$10.09
FRSX,$0.719
FSBC,$28.28
FSBW,$36.76
FSEA,$11.01
FSFG,$24.98
FSHP,$10.30
FSHPR,$0.119
FSLR,$132.51
FSTR,$20.31
FSUN,$38.68
FSV,$165.45
FTAI,$104.31
FTAIM,$26.05
FTAIN,$25.2514
FTCI,$2.60
FTDR,$38.40
FTEK,$0.9799
FTEL,$0.5531
FTFT,$0.1896
FTHM,$0.885
FTLF,$13.95
FTNT,$96.25
FTRE,$9.66
FUFU,$4.43
FULC,$3.12
FULT,$18.03
FULTP,$20.05
FUNC,$30.13
FUND,$7.19
FUSB,$13.50
FUTU,$118.47
FVCB,$10.49
FVN,$10.16
FVNNR,$0.1301
FWONA,$78.08
FWONK,$85.96
FWRD,$19.99
FWRG,$16.49
FXNC,$22.25
FYBR,$35.84
GABC,$38.66
GAIA,$4.17
GAIN,$13.19
GAINI,$25.28
GAINL,$25.745
GAINN,$25.02
GAINZ,$23.2026
GALT,$1.68
GAMB,$12.29
GAME,$0.7066
GAN,$1.77
GANX,$2.11
GASS,$5.55
GATE,$10.95
GATEU,$10.93
GAUZ,$9.66
GBBK,$11.28
GBBKR,$0.108
GBBKW,$0.035
GBDC,$14.67
GBIO,$0.48
GCBC,$23.70
GCL,$2.25
GCLWW,$0.0864
GCMG,$12.89
GCMGW,$1.63
GCT,$14.93
GCTK,$0.365
GDC,$2.02
GDEN,$26.17
GDEV,$14.6695
GDEVW,$0.02
GDHG,$1.14
GDRX,$4.42
GDS,$35.27
GDSTR,$0.172
GDTC,$2.48
GDYN,$16.82
GECC,$10.88
GECCH,$24.99
GECCI,$25.01
GECCO,$25.02
GECCZ,$25.1799
GEG,$1.91
GEGGL,$23.9699
GEHC,$81.97
GELS,$1.27
GEN,$27.03
GENK,$6.33
GEOS,$7.57
GERN,$1.64
GEVO,$1.24
GFAI,$1.06
GFAIW,$0.2099
GFS,$37.73
GGAL,$59.42
GGR,$0.3784
GGROW,$0.0265
GH,$42.89
GHRS,$11.00
GIFI,$6.26
GIFT,$1.80
GIG,$10.12
GIGGU,$10.22
GIGGW,$0.075
GIGM,$1.59
GIII,$26.675
GILD,$111.44
GILT,$7.04
GIPR,$1.55
GIPRW,$0.3978
GITS,$1.8223
GLAC,$10.80
GLACR,$0.225
GLAD,$26.93
GLADZ,$25.61
GLBE,$36.09
GLBS,$1.29
GLBZ,$5.00
GLDD,$8.65
GLE,$1.74
GLMD,$1.7269
GLNG,$33.86
GLPG,$26.01
GLPI,$49.78
GLRE,$13.22
GLSI,$12.00
GLTO,$4.05
GLUE,$6.27
GLXG,$0.94
GLYC,$0.2637
GMAB,$20.51
GMGI,$2.09
GMHS,$1.37
GMM,$4.12
GNFT,$3.5101
GNLN,$0.529
GNLX,$3.40
GNPX,$0.3633
GNSS,$2.33
GNTA,$3.83
GNTX,$24.31
GO,$11.99
GOCO,$12.90
GOGL,$7.71
GOGO,$6.86
GOOD,$14.89
GOODN,$23.14
GOODO,$20.67
GOOG,$167.62
GOOGL,$165.49
GORV,$0.61
GOSS,$1.45
GOVX,$1.54
GOVXW,$0.064
GP,$0.557
GPAT,$10.27
GPATW,$0.18
GPCR,$21.05
GPRE,$5.16
GPRO,$0.7132
GRAB,$4.40
GRABW,$0.4784
GRAL,$29.74
GRCE,$2.18
GREE,$0.8146
GREEL,$8.6499
GRFS,$7.98
GRI,$5.99
GRNQ,$0.9237
GROW,$2.235
GRPN,$14.85
GRRR,$33.59
GRRRW,$1.30
GRVY,$53.87
GRWG,$1.05
GRYP,$0.207
GSAT,$21.33
GSBC,$56.66
GSHD,$113.10
GSIT,$2.60
GSIW,$0.47
GSM,$4.03
GSRT,$10.00
GSRTR,$1.22
GSRTU,$10.195
GSUN,$3.00
GT,$9.15
GTBP,$2.56
GTEC,$1.34
GTI,$0.107
GTIM,$2.42
GTLB,$52.08
GTX,$8.95
GURE,$0.72
GUTS,$1.28
GV,$5.96
GVH,$0.6671
GWAV,$0.2805
GWRS,$11.295
GXAI,$1.22
GYRE,$12.11
GYRO,$8.55
HAFC,$21.85
HAIN,$3.815
HALO,$62.27
HAO,$1.64
HAS,$59.79
HBAN,$14.75
HBANL,$25.2731
HBANM,$22.58
HBANP,$17.88
HBCP,$44.61
HBIO,$0.6479
HBNC,$15.63
HBT,$23.39
HCAI,$8.40
HCAT,$4.14
HCKT,$28.19
HCM,$15.69
HCSG,$10.92
HCTI,$0.45
HCVI,$10.77
HCVIW,$0.1402
HCWB,$0.34
HDL,$24.90
HDSN,$6.05
HEES,$94.01
HELE,$52.45
HEPA,$0.023
HEPS,$3.23
HFBL,$12.31
HFFG,$2.20
HFWA,$23.77
HGBL,$2.36
HHS,$4.98
HIFS,$235.10
HIHO,$1.8283
HIMX,$8.90
HIT,$0.8162
HITI,$2.36
HIVE,$1.74
HKIT,$1.24
HKPD,$1.16
HLIT,$10.40
HLMN,$9.25
HLNE,$142.56
HLP,$1.31
HLVX,$1.75
HLXB,$10.77
HMR,$3.45
HMST,$8.95
HNNA,$10.18
HNNAZ,$24.11
HNRG,$11.11
HNST,$5.09
HNVR,$22.70
HOFT,$12.17
HOFV,$0.88
HOFVW,$0.0035
HOLO,$0.9071
HOLOW,$0.1101
HOLX,$60.71
HON,$209.47
HOND,$10.15
HONDW,$0.156
HONE,$10.75
HOOD,$39.24
HOOK,$1.17
HOPE,$10.49
HOTH,$1.11
HOUR,$1.78
HOVNP,$17.37
HOVR,$0.50
HOVRW,$0.03
HOWL,$1.20
HPAI,$5.5299
HPAIW,$0.2475
HPH,$0.1583
HPK,$11.98
HPKEW,$1.45
HQI,$13.35
HQY,$97.41
HRMY,$32.72
HROW,$23.01
HROWL,$25.16
HROWM,$26.85
HRTX,$2.32
HRZN,$9.20
HSAI,$19.80
HSCS,$2.935
HSCSW,$0.0403
HSDT,$0.4079
HSIC,$70.58
HSII,$42.75
HSON,$10.50
HSPOR,$0.1259
HSPT,$10.08
HSPTU,$10.20
HST,$14.91
HSTM,$31.06
HTBK,$9.64
HTCO,$1.60
HTCR,$0.93
HTHT,$37.01
HTLD,$9.44
HTLM,$3.98
HTOO,$0.3349
HTOOW,$0.0104
HTZ,$3.815
HTZWW,$2.18
HUBC,$0.43
HUBCW,$0.0198
HUBCZ,$0.0203
HUBG,$37.08
HUDI,$1.50
HUHU,$4.39
HUIZ,$3.18
HUMA,$3.04
HUMAW,$0.89
HURA,$2.28
HURC,$16.00
HURN,$147.76
HUT,$12.62
HVII,$9.83
HVIIR,$0.245
HVIIU,$10.0502
HWBK,$28.51
HWC,$51.21
HWCPZ,$23.35
HWH,$1.62
HWKN,$108.00
HYFM,$3.42
HYMC,$2.82
HYMCL,$0.0298
HYMCW,$0.0052
HYPR,$0.919
IAC,$44.56
IART,$22.35
IAS,$9.03
IBAC,$10.33
IBACR,$0.0649
IBCP,$30.91
IBEX,$24.86
IBG,$0.468
IBIO,$5.08
IBKR,$168.11
IBOC,$63.16
IBRX,$2.87
ICAD,$2.29
ICCC,$4.99
ICCM,$1.42
ICCT,$0.5396
ICFI,$85.86
ICG,$3.84
ICHR,$26.76
ICLR,$184.58
ICMB,$3.29
ICON,$0.1098
ICU,$2.03
ICUCW,$0.0329
ICUI,$143.45
IDAI,$2.1432
IDCC,$217.09
IDN,$2.31
IDXX,$415.30
IDYA,$18.58
IEP,$9.50
IESC,$181.89
IFBD,$1.59
IFRX,$1.19
IGIC,$25.68
IGMS,$1.235
IHRT,$1.61
III,$3.355
IIIV,$23.41
IINN,$0.7299
IINNW,$0.2108
IKNA,$1.34
IKT,$2.25
ILAG,$0.469
ILLR,$0.882
ILLRW,$0.1249
ILMN,$85.60
ILPT,$3.49
IMAB,$0.8399
IMCC,$1.78
IMCR,$28.80
IMG,$0.509
IMKTA,$61.59
IMMP,$1.78
IMMR,$7.60
IMMX,$1.65
IMNM,$8.77
IMNN,$0.8651
IMOS,$18.32
IMPP,$2.46
IMPPP,$24.703
IMRN,$1.82
IMRX,$1.60
IMTE,$1.04
IMTX,$4.55
IMTXW,$0.02
IMUX,$1.15
IMVT,$19.52
IMXI,$13.25
INAB,$0.2254
INBK,$27.155
INBKZ,$24.75
INBS,$2.12
INBX,$14.10
INCR,$1.62
INCY,$67.86
INDB,$63.66
INDI,$2.34
INDP,$0.8051
INDV,$9.68
INGN,$7.45
INHD,$4.76
INKT,$8.488
INLF,$1.69
INM,$2.82
INMB,$7.95
INMD,$18.31
INNV,$3.22
INO,$2.03
INOD,$48.18
INSE,$8.37
INSG,$9.70
INSM,$76.55
INTA,$59.28
INTC,$24.05
INTG,$12.47
INTJ,$0.655
INTR,$5.91
INTS,$2.32
INTU,$598.80
INTZ,$1.13
INV,$7.88
INVA,$17.39
INVE,$3.18
INVZ,$0.65
INVZW,$0.0781
INZY,$1.00
IOBT,$0.8788
IONR,$4.15
IONS,$32.96
IOSP,$98.09
IOVA,$3.59
IPA,$0.3849
IPAR,$127.22
IPDN,$2.29
IPGP,$62.25
IPHA,$2.00
IPM,$1.98
IPSC,$0.5963
IPW,$0.48
IPWR,$4.80
IPX,$20.79
IQ,$2.35
IRBT,$3.70
IRD,$0.9349
IRDM,$27.59
IREN,$7.21
IRIX,$1.13
IRMD,$52.45
IROH,$10.54
IROHR,$0.2693
IRON,$51.02
IROQ,$24.0878
IRTC,$100.67
IRWD,$1.49
ISPC,$1.34
ISPO,$3.90
ISPOW,$0.0117
ISPR,$3.76
ISRG,$484.44
ISRL,$11.4999
ISRLW,$0.11
ISSC,$6.66
ISTR,$17.15
ITCI,$131.26
ITIC,$241.325
ITOS,$7.32
ITRI,$104.57
ITRM,$1.38
ITRN,$37.98
IVA,$2.98
IVAC,$4.03
IVCA,$11.99
IVDA,$2.33
IVDAW,$0.1605
IVP,$1.86
IVVD,$0.8047
IXHL,$0.74
IZEA,$2.24
IZM,$1.71
JACK,$31.34
JAGX,$0.445
JAKK,$24.60
JAMF,$13.17
JANX,$30.68
JAZZ,$137.96
JBDI,$0.55
JBHT,$149.00
JBLU,$5.60
JBSS,$70.96
JCSE,$1.1364
JCTC,$4.235
JD,$43.16
JDZG,$0.5798
JFB,$3.82
JFBR,$1.25
JFBRW,$0.0203
JFIN,$11.82
JFU,$1.45
JG,$10.35
JJSF,$133.97
JKHY,$175.83
JL,$4.736
JMSB,$17.21
JNVR,$4.60
JOUT,$25.05
JRSH,$3.57
JRVR,$4.01
JSM,$18.94
JSPR,$5.49
JSPRW,$0.1448
JTAI,$4.30
JUNE,$5.76
JUNS,$0.6119
JVA,$5.53
JVSA,$10.69
JVSAR,$0.22
JWEL,$2.2796
JXG,$2.2283
JYD,$3.67
JYNT,$11.02
JZ,$0.92
JZXN,$4.71
KALA,$6.55
KALU,$70.33
KALV,$12.60
KARO,$40.42
KAVL,$0.6198
KBSX,$1.56
KC,$17.31
KDLY,$1.50
KDLYW,$0.35
KDP,$33.59
KE,$16.79
KELYA,$13.29
KELYB,$13.40
KEQU,$47.58
KFFB,$2.87
KFII,$9.92
KFIIR,$0.14
KFIIU,$10.06
KGEI,$7.62
KHC,$30.23
KIDS,$25.08
KINS,$16.63
KIRK,$1.28
KITT,$1.06
KITTW,$0.0899
KLAC,$713.00
KLIC,$36.74
KLTO,$0.2834
KLTOW,$0.03
KLTR,$1.85
KLXE,$4.235
KMDA,$7.18
KMTS,$21.27
KNDI,$1.43
KNSA,$22.61
KOD,$3.64
KOPN,$1.41
KOSS,$5.00
KPLT,$11.47
KPLTW,$0.0125
KPRX,$3.24
KPTI,$6.75
KRKR,$3.8532
KRMD,$2.77
KRNT,$22.67
KRNY,$6.39
KRON,$0.94
KROS,$11.58
KRRO,$24.63
KRT,$28.34
KRUS,$50.55
KRYS,$179.38
KSCP,$4.30
KSPI,$95.62
KTCC,$2.69
KTOS,$30.43
KTTA,$1.11
KURA,$7.14
KVAC,$11.177
KVACU,$11.20
KVACW,$0.0346
KVHI,$5.29
KWE,$0.3611
KWESW,$0.0256
KXIN,$1.03
KYMR,$34.37
KYTX,$2.50
KZIA,$0.9952
KZR,$5.87
LAB,$1.14
LAES,$3.32
LAKE,$20.10
LAMR,$111.54
LANC,$180.02
LAND,$10.82
LANDM,$24.7936
LANDO,$20.26
LANDP,$20.17
LARK,$24.72
LASE,$3.62
LASR,$8.93
LAUR,$18.89
LAZR,$5.05
LBGJ,$1.41
LBRDA,$81.11
LBRDK,$81.38
LBRDP,$24.9184
LBTYA,$11.51
LBTYB,$12.00
LBTYK,$12.03
LCFY,$5.224
LCFYW,$6.06
LCID,$2.09
LCNB,$14.87
LCUT,$5.05
LDTC,$0.502
LDTCW,$0.0699
LDWY,$3.76
LE,$10.77
LECO,$190.50
LEDS,$1.80
LEE,$8.40
LEGH,$25.96
LEGN,$37.20
LENZ,$25.45
LESL,$0.8245
LEXX,$1.35
LEXXW,$0.2597
LFCR,$6.47
LFMD,$5.94
LFMDP,$23.05
LFST,$6.92
LFUS,$210.51
LFVN,$17.03
LFWD,$1.51
LGCB,$0.1777
LGCL,$0.619
LGHL,$0.103
LGHLW,$0.006
LGIH,$71.86
LGMK,$0.177
LGND,$106.19
LGO,$1.8502
LGTY,$14.225
LGVN,$1.69
LI,$27.46
LICN,$4.45
LIDR,$0.58
LIDRW,$0.0611
LIEN,$12.0085
LIF,$40.30
LILA,$6.69
LILAK,$6.66
LIN,$455.50
LINC,$14.87
LIND,$10.28
LINE,$58.54
LINK,$6.13
LION,$7.59
LIPO,$2.15
LIQT,$1.44
LITE,$63.61
LITM,$0.3949
LIVE,$6.94
LIVN,$39.24
LIXT,$1.21
LIXTW,$0.0359
LKCO,$1.3481
LKFN,$62.33
LKQ,$41.66
LLYVA,$63.66
LLYVK,$64.96
LMAT,$81.91
LMB,$76.51
LMFA,$1.34
LMNR,$18.51
LNKB,$6.90
LNKS,$0.5505
LNSR,$15.13
LNT,$62.95
LNTH,$101.10
LNW,$103.67
LNZA,$0.5408
LNZAW,$0.12
LOAN,$5.675
LOBO,$1.18
LOCO,$10.08
LOGC,$7.545
LOGI,$89.62
LOKVU,$10.05
LOOP,$1.17
LOPE,$168.91
LOT,$1.61
LOTWW,$0.09
LOVE,$15.50
LPAA,$10.18
LPAAW,$0.14
LPBB,$10.08
LPBBU,$10.16
LPBBW,$0.20
LPCN,$3.35
LPLA,$321.99
LPRO,$4.31
LPSN,$0.9798
LPTH,$2.08
LPTX,$0.4001
LQDA,$14.43
LQDT,$29.83
LRCX,$78.69
LRE,$1.15
LRFC,$23.45
LRHC,$0.2199
LRMR,$2.59
LSAK,$4.44
LSB,$2.00
LSBK,$15.9776
LSCC,$60.79
LSE,$5.49
LSEA,$7.15
LSEAW,$0.07
LSH,$1.07
LSTA,$2.39
LSTR,$150.41
LTBR,$9.35
LTRN,$3.80
LTRX,$2.71
LTRY,$1.04
LTRYW,$0.0274
LUCD,$1.39
LUCY,$3.725
LUCYW,$0.0587
LULU,$311.03
LUNG,$7.52
LUNR,$7.31
LVLU,$0.43
LVO,$0.7549
LVRO,$3.89
LVROW,$0.11
LVTX,$1.30
LWAY,$20.06
LWLG,$1.09
LX,$10.53
LXEH,$9.31
LXEO,$3.07
LXRX,$0.3665
LYEL,$0.5854
LYFT,$11.92
LYRA,$0.172
LYT,$0.1119
LYTS,$17.32
LZ,$9.30
LZMH,$9.23
MACI,$10.22
MACIU,$10.09
MACIW,$0.14
MAMA,$6.29
MAMO,$2.70
MANH,$172.50
MAPS,$1.25
MAPSW,$0.0315
MAR,$243.11
MARA,$13.18
MARPS,$3.88
MASI,$168.21
MASK,$2.98
MASS,$4.11
MAT,$19.75
MATH,$1.88
MATW,$22.55
MAXN,$3.69
MAYA,$9.87
MAYAU,$10.11
MAYS,$37.5931
MAZE,$10.99
MBAV,$10.19
MBAVW,$0.27
MBCN,$26.50
MBIN,$37.90
MBINL,$25.01
MBINM,$25.6499
MBINN,$21.36
MBIO,$1.41
MBLY,$14.97
MBNKP,$25.5337
MBOT,$1.54
MBRX,$1.13
MBUU,$31.32
MBWM,$44.71
MBX,$8.70
MCBS,$27.78
MCFT,$17.36
MCHP,$53.50
MCHX,$1.98
MCRB,$0.6898
MCRI,$85.015
MCTR,$7.77
MCVT,$1.914
MCW,$7.93
MDAI,$1.55
MDAIW,$0.415
MDB,$185.37
MDBH,$6.43
MDCX,$3.29
MDCXW,$0.69
MDGL,$348.35
MDIA,$1.17
MDLZ,$64.31
MDRR,$12.351
MDWD,$18.54
MDXG,$7.92
MDXH,$1.48
ME,$1.92
MEDP,$324.95
MEGL,$1.46
MEIP,$2.309
MELI,$2021.37
MEOH,$37.72
MERC,$6.24
MESA,$0.9639
MESO,$13.55
META,$607.60
METC,$9.56
METCB,$8.82
METCL,$25.62
METCZ,$24.7799
MFH,$5.18
MFI,$0.635
MFIC,$12.96
MFICL,$25.35
MFIN,$8.92
MGEE,$93.22
MGIC,$13.88
MGIH,$1.65
MGNI,$12.60
MGNX,$2.22
MGPI,$30.87
MGRC,$113.56
MGRM,$2.33
MGRX,$3.91
MGTX,$7.79
MGX,$1.94
MGYR,$14.16
MHLD,$0.781
MHUA,$0.3152
MIDD,$151.67
MIGI,$0.5231
MIMI,$5.615
MIND,$7.23
MIRA,$1.18
MIRM,$44.28
MIST,$2.17
MITK,$8.98
MKDW,$0.415
MKSI,$86.32
MKTW,$0.606
MKTX,$212.38
MKZR,$1.87
MLAB,$126.18
MLAC,$10.0301
MLACR,$0.18
MLACU,$10.2007
MLCO,$5.63
MLEC,$0.8788
MLECW,$0.0262
MLGO,$4.06
MLKN,$19.13
MLTX,$38.55
MLYS,$14.25
MMLP,$3.74
MMSI,$98.94
MMYT,$94.02
MNDO,$1.96
MNDR,$2.07
MNDY,$255.87
MNKD,$5.20
MNMD,$6.35
MNOV,$1.55
MNPR,$29.75
MNRO,$16.36
MNSB,$17.12
MNSBP,$24.73
MNST,$55.09
MNTK,$2.065
MNTS,$1.75
MNTSW,$0.0253
MNY,$0.721
MNYWW,$0.0404
MOB,$2.28
MOBX,$0.88
MOBXW,$0.1076
MODD,$0.899
MODV,$2.30
MOFG,$29.12
MOGO,$0.90
MOLN,$4.33
MOMO,$7.06
MORN,$286.94
MOVE,$2.65
MPAA,$10.43
MPB,$25.50
MPWR,$606.06
MQ,$4.10
MRAM,$5.39
MRBK,$13.90
MRCC,$7.89
MRCY,$46.52
MREO,$2.62
MRIN,$1.38
MRKR,$1.235
MRM,$0.70
MRNA,$34.62
MRNO,$10.77
MRNOW,$0.2699
MRSN,$0.4649
MRTN,$13.63
MRUS,$47.10
MRVI,$2.45
MRVL,$68.74
MRX,$32.92
MSAI,$1.17
MSAIW,$0.0417
MSBI,$18.45
MSBIP,$23.77
MSEX,$62.21
MSFT,$388.56
MSGM,$1.19
MSPR,$1.79
MSPRW,$0.0034
MSPRZ,$0.02
MSS,$1.22
MSSAW,$0.0236
MSTR,$297.49
MSW,$5.47
MTC,$1.08
MTCH,$30.94
MTEK,$2.51
MTEKW,$0.2507
MTEN,$5.68
MTEX,$10.23
MTLS,$5.235
MTRX,$12.67
MTSI,$109.07
MTSR,$25.21
MTVA,$1.48
MU,$100.79
MULN,$0.7513
MURA,$3.90
MVBF,$17.00
MVIS,$1.28
MVST,$1.48
MVSTW,$0.1975
MWYN,$4.23
MXCT,$3.29
MXL,$12.68
MYFW,$19.32
MYGN,$10.07
MYNZ,$4.365
MYPS,$1.24
MYRG,$117.21
MYSZ,$1.26
NA,$5.18
NAAS,$1.02
NAII,$3.50
NAMI,$2.768
NAMS,$23.37
NAMSW,$12.25
NAOV,$2.2059
NATH,$92.66
NATR,$13.01
NAUT,$1.11
NAVI,$13.47
NAYA,$0.2127
NB,$1.82
NBBK,$18.57
NBIS,$28.75
NBIX,$110.75
NBN,$92.49
NBTB,$43.26
NBTX,$3.245
NCEW,$1.47
NCI,$0.3901
NCIQ,$21.51
NCMI,$5.95
NCNA,$0.7605
NCNO,$28.34
NCPL,$1.90
NCPLW,$0.042
NCRA,$0.90
NCSM,$26.76
NCTY,$11.62
NDAQ,$73.26
NDLS,$1.11
NDRA,$4.10
NDSN,$207.40
NECB,$22.82
NEGG,$0.2801
NEHC,$1.70
NEHCW,$0.1695
NEO,$9.825
NEOG,$9.05
NEON,$8.22
NEOV,$2.39
NEOVW,$0.986
NEPH,$1.6299
NERV,$1.54
NESR,$7.60
NESRW,$0.363
NETD,$10.95
NETDW,$0.3902
NEUP,$4.72
NEWT,$12.20
NEWTG,$24.70
NEWTH,$24.95
NEWTI,$24.79
NEWTZ,$24.72
NEXN,$7.33
NEXT,$7.22
NFBK,$11.40
NFE,$9.26
NFLX,$918.00
NGNE,$16.70
NHICU,$10.05
NHPAP,$14.1964
NHPBP,$13.95
NHTC,$5.0941
NICE,$144.61
NIOBW,$0.164
NIPG,$1.14
NISN,$7.41
NITO,$0.31
NIU,$2.72
NIVF,$1.07
NIVFW,$0.0215
NIXX,$1.89
NIXXW,$0.0251
NKSH,$27.13
NKTR,$0.8968
NKTX,$1.66
NLSP,$1.58
NLSPW,$0.0067
NMFC,$11.16
NMFCZ,$25.64
NMIH,$35.40
NMRA,$1.28
NMRK,$12.40
NMTC,$1.08
NN,$11.04
NNAVW,$3.88
NNBR,$2.51
NNDM,$2.15
NNE,$30.26
NNNN,$7.15
NNOX,$5.69
NODK,$14.135
NOEM,$9.8701
NOEMU,$10.20
NOTV,$2.98
NOVT,$136.07
NPCE,$10.69
NRC,$14.83
NRDS,$9.01
NRIM,$73.36
NRIX,$13.59
NRSN,$1.18
NRSNW,$0.212
NRXP,$2.35
NRXPW,$0.1199
NSIT,$151.43
NSPR,$2.80
NSSC,$25.19
NSTS,$11.90
NSYS,$10.06
NTAP,$91.98
NTCL,$10.87
NTCT,$20.73
NTES,$102.80
NTGR,$23.90
NTIC,$11.27
NTLA,$9.14
NTNX,$69.47
NTRA,$148.22
NTRB,$6.20
NTRBW,$2.19
NTRP,$4.02
NTRS,$97.88
NTRSO,$19.96
NTWK,$2.32
NTWO,$10.03
NTWOU,$10.1201
NTWOW,$0.1901
NUKK,$14.15
NUKKW,$0.1164
NURO,$4.37
NUTX,$52.41
NUVL,$77.01
NUWE,$1.16
NVA,$11.22
NVAWW,$4.00
NVAX,$7.99
NVCR,$19.49
NVCT,$8.85
NVDA,$121.67
NVEC,$65.40
NVEE,$18.18
NVFY,$0.4118
NVMI,$219.13
NVNI,$0.2616
NVNIW,$0.0531
NVNO,$2.91
NVTS,$2.50
NVVE,$1.61
NVVEW,$0.0193
NVX,$1.13
NWBI,$12.18
NWE,$56.10
NWFL,$24.96
NWGL,$1.58
NWL,$6.55
NWPX,$41.81
NWS,$30.98
NWSA,$26.98
NWTN,$0.531
NWTNW,$0.024
NXGL,$2.789
NXGLW,$0.496
NXL,$2.15
NXLIW,$0.196
NXPI,$206.16
NXPL,$1.00
NXST,$169.88
NXT,$44.31
NXTC,$0.6889
NXTT,$0.3164
NXU,$0.253
NXXT,$2.46
NYAX,$35.80
NYMT,$6.83
NYMTG,$24.64
NYMTI,$24.69
NYMTL,$21.6799
NYMTM,$24.799
NYMTN,$22.875
NYMTZ,$19.06
NYXH,$10.513
OABI,$3.31
OABIW,$0.4614
OACC,$10.11
OACCU,$10.25
OACCW,$0.70
OAKU,$11.5501
OAKUR,$0.2575
OAKUW,$0.03
OB,$4.03
OBIO,$4.08
OBLG,$3.35
OBT,$24.34
OCC,$3.31
OCCI,$7.06
OCCIM,$24.905
OCCIN,$23.86
OCCIO,$24.702
OCEA,$0.0622
OCEAW,$0.0263
OCFC,$17.31
OCFCP,$25.16
OCG,$1.30
OCGN,$0.5373
OCS,$18.77
OCSAW,$7.68
OCSL,$15.75
OCTO,$1.13
OCUL,$7.72
OCX,$3.74
ODD,$45.92
ODFL,$162.50
ODP,$14.87
ODYS,$6.77
OESX,$0.7501
OFIX,$16.53
OFLX,$40.77
OFS,$9.34
OFSSH,$22.73
OGI,$1.03
OKTA,$112.55
OKUR,$4.61
OKYO,$1.5088
OLB,$1.27
OLED,$150.35
OLLI,$102.49
OLMA,$4.41
OLPX,$1.33
OM,$0.553
OMAB,$81.10
OMCC,$6.28
OMCL,$33.00
OMER,$8.42
OMEX,$0.4148
OMH,$2.1005
ON,$43.19
ONB,$20.96
ONBPO,$24.83
ONBPP,$25.1999
ONC,$259.19
ONCO,$0.1281
ONCY,$0.625
ONDS,$0.7384
ONEG,$2.16
ONEW,$16.10
ONFO,$1.26
ONFOW,$0.28
ONMD,$0.692
ONMDW,$0.022
ONVO,$0.424
OP,$0.905
OPAL,$1.89
OPBK,$12.44
OPCH,$32.66
OPEN,$1.14
OPI,$0.8443
OPINL,$9.53
OPK,$1.74
OPOF,$30.11
OPRA,$17.71
OPRT,$5.52
OPRX,$7.77
OPT,$3.18
OPTN,$5.36
OPTX,$1.25
OPTXW,$0.0523
OPXS,$5.58
ORGN,$0.8144
ORGNW,$0.0657
ORGO,$5.01
ORIC,$7.79
ORIS,$1.10
ORKA,$11.09
ORKT,$0.77
ORLY,$1327.41
ORMP,$2.39
ORRF,$30.75
OS,$21.11
OSBC,$16.52
OSIS,$184.235
OSPN,$15.75
OSRH,$1.435
OSRHW,$0.041
OSS,$2.90
OST,$2.10
OSUR,$3.51
OSW,$16.96
OTEX,$26.06
OTLK,$1.57
OTLY,$8.84
OTRK,$1.44
OTTR,$83.38
OUST,$7.97
OUSTW,$0.0289
OUSTZ,$0.0792
OVBC,$30.35
OVID,$0.4339
OVLY,$24.14
OXBR,$2.82
OXBRW,$0.46
OXLC,$4.79
OXLCG,$24.70
OXLCI,$25.493
OXLCL,$23.6637
OXLCN,$24.115
OXLCO,$22.9186
OXLCP,$24.00
OXLCZ,$23.8755
OXSQ,$2.65
OXSQG,$23.40
OXSQZ,$24.70
OZK,$44.19
OZKAP,$17.10
PAA,$19.71
PACB,$1.22
PAGP,$21.10
PAHC,$21.25
PAL,$9.82
PALI,$1.00
PAMT,$12.90
PANL,$5.43
PANW,$182.34
PARA,$11.69
PARAA,$22.65
PASG,$0.386
PATK,$85.70
PAVM,$0.66
PAVMZ,$0.007
PAVS,$1.39
PAX,$11.27
PAYO,$7.20
PAYS,$2.43
PAYX,$145.44
PBBK,$16.35
PBFS,$12.00
PBHC,$16.77
PBM,$0.7839
PBMWW,$0.0175
PBPB,$9.34
PBYI,$3.32
PC,$0.88
PCAR,$99.21
PCB,$18.92
PCH,$45.01
PCLA,$0.819
PCRX,$22.87
PCSA,$0.4467
PCSC,$10.30
PCT,$7.70
PCTTW,$2.09
PCTY,$186.24
PCVX,$74.37
PCYO,$10.67
PDCO,$31.14
PDD,$122.54
PDEX,$49.66
PDFS,$21.67
PDLB,$12.76
PDSB,$1.23
PDYN,$7.38
PDYNW,$0.3228
PEBK,$26.96
PEBO,$29.80
PECO,$34.81
PEGA,$71.99
PENG,$17.55
PENN,$17.09
PEP,$148.59
PEPG,$2.395
PERI,$8.75
PESI,$7.29
PET,$0.2496
PETS,$4.02
PETWW,$0.0131
PETZ,$1.37
PEV,$0.6699
PFBC,$83.16
PFG,$82.78
PFIS,$46.15
PFX,$54.18
PFXNZ,$23.4695
PGC,$29.07
PGEN,$1.80
PGHL,$0.6229
PGNY,$20.36
PGY,$10.56
PGYWW,$0.1205
PHAR,$8.9541
PHAT,$4.41
PHH,$7.70
PHIO,$1.29
PHLT,$2.90
PHUN,$2.86
PHVS,$16.67
PI,$90.34
PIII,$0.1749
PINC,$18.16
PITA,$0.307
PITAW,$0.0248
PKBK,$18.52
PKOH,$21.53
PLAB,$21.26
PLAO,$11.85
PLAY,$17.40
PLBC,$42.38
PLBY,$1.22
PLCE,$8.37
PLL,$7.14
PLMK,$10.03
PLMKW,$0.16
PLMR,$131.77
PLPC,$144.35
PLRX,$1.54
PLRZ,$0.56
PLSE,$16.91
PLTK,$4.58
PLTR,$86.24
PLUG,$1.66
PLUR,$4.61
PLUS,$64.08
PLUT,$3.06
PLXS,$124.21
PLYA,$13.31
PMAX,$0.324
PMCB,$1.58
PMEC,$0.7934
PMN,$0.769
PMTS,$28.615
PMVP,$1.26
PN,$3.6206
PNBK,$1.0501
PNFP,$102.82
PNFPP,$24.8263
PNRG,$203.70
PNTG,$23.51
POAI,$1.12
POCI,$4.50
PODC,$1.71
PODD,$255.44
POET,$3.93
POLA,$2.69
POLE,$10.11
POLEU,$10.1801
POLEW,$0.16
PONY,$13.92
POOL,$327.21
POWI,$57.25
POWL,$173.36
POWW,$1.46
POWWP,$21.412
PPBI,$22.36
PPBT,$2.7255
PPC,$49.62
PPIH,$13.13
PPSI,$3.21
PPTA,$9.84
PRAA,$19.60
PRAX,$38.28
PRCH,$5.94
PRCT,$57.62
PRDO,$24.60
PRE,$4.52
PRENW,$0.0124
PRFX,$2.79
PRGS,$55.23
PRLD,$0.7448
PRME,$1.79
PROF,$6.95
PROK,$0.9836
PROP,$5.72
PROV,$14.155
PRPH,$0.3926
PRPL,$0.8999
PRPO,$7.16
PRQR,$1.69
PRSO,$0.73
PRTA,$13.74
PRTC,$17.44
PRTG,$4.2115
PRTH,$7.72
PRTS,$1.03
PRVA,$23.75
PRZO,$0.7382
PSEC,$4.29
PSHG,$1.5398
PSIG,$0.4648
PSIX,$30.49
PSMT,$83.53
PSNL,$3.63
PSNY,$1.14
PSNYW,$0.19
PSTV,$0.6788
PT,$0.9799
PTC,$155.80
PTCT,$54.50
PTEN,$7.91
PTGX,$54.78
PTHL,$4.18
PTIX,$0.2639
PTLE,$1.31
PTLO,$12.32
PTMN,$15.79
PTON,$7.05
PTPI,$0.0844
PTVE,$17.88
PUBM,$9.48
PULM,$8.46
PVBC,$11.52
PVLA,$27.465
PWM,$0.5299
PWOD,$28.19
PWP,$19.48
PXLW,$0.646
PXS,$3.28
PYCR,$22.37
PYPD,$2.9751
PYPL,$68.95
PYXS,$1.11
PZZA,$43.36
QCOM,$156.58
QCRH,$73.72
QDEL,$36.12
QFIN,$43.19
QH,$1.50
QIPT,$2.36
QLGN,$3.06
QLYS,$126.39
QMCO,$15.34
QMMM,$1.41
QNCX,$1.44
QNRX,$0.3043
QNST,$17.76
QNTM,$4.89
QQQX,$24.20
QRHC,$2.97
QRVO,$71.39
QSG,$2.76
QSI,$1.36
QSIAW,$0.4899
QTRX,$7.06
QTTB,$2.00
QUBT,$7.09
QUIK,$5.97
QURE,$14.20
QVCGA,$0.216
QVCGB,$5.02
QVCGP,$28.66
RADX,$5.80
RAIL,$6.58
RAIN,$1.9725
RAINW,$0.075
RAND,$22.50
RANG,$10.02
RANGR,$0.2076
RANGU,$10.1899
RANI,$1.51
RAPP,$10.51
RAPT,$1.14
RARE,$39.34
RAVE,$2.844
RAY,$1.22
RAYA,$1.22
RBB,$16.95
RBBN,$3.95
RBCAA,$64.81
RBKB,$10.44
RCAT,$5.66
RCEL,$8.55
RCKT,$8.76
RCKTW,$0.0672
RCKY,$18.45
RCMT,$16.14
RCON,$1.5041
RDACR,$0.16
RDCM,$11.82
RDFN,$10.70
RDGT,$1.00
RDHL,$2.56
RDI,$1.3201
RDIB,$7.44
RDNT,$46.54
RDUS,$27.81
RDVT,$37.28
RDWR,$21.19
RDZN,$0.9625
REAL,$5.61
REAX,$4.44
REBN,$4.19
RECT,$3.69
REE,$6.43
REFI,$15.31
REFR,$1.29
REG,$71.07
REGCO,$22.44
REGCP,$23.71
REGN,$666.87
REKR,$1.09
RELI,$1.28
RELIW,$0.0184
RELL,$12.485
RELY,$19.90
RENB,$0.8052
RENE,$11.81
RENEW,$0.06
RENT,$4.31
REPL,$11.655
RETO,$4.32
REVB,$3.40
REVBW,$0.0168
REYN,$23.41
RFAI,$10.36
RFAIR,$0.07
RFIL,$3.89
RGC,$12.62
RGCO,$21.12
RGEN,$150.62
RGLD,$154.20
RGLS,$1.48
RGNX,$6.72
RGP,$6.89
RGS,$18.29
RGTI,$11.22
RGTIW,$4.205
RHLD,$32.07
RIBB,$9.97
RIBBR,$0.15
RIBBU,$10.17
RICK,$45.40
RIGL,$20.13
RILY,$4.21
RILYG,$12.06
RILYK,$22.20
RILYL,$4.31
RILYN,$13.20
RILYP,$4.40
RILYT,$10.18
RILYZ,$9.65
RIME,$2.51
RIOT,$7.82
RITR,$3.29
RIVN,$10.75
RKDA,$3.23
RKLB,$18.81
RLAY,$3.66
RLMD,$0.2927
RLYB,$0.632
RMBI,$12.34
RMBL,$3.54
RMBS,$54.43
RMCF,$1.50
RMCO,$0.9464
RMNI,$4.03
RMR,$17.25
RMSG,$1.7199
RMSGW,$0.03
RMTI,$1.70
RNA,$31.11
RNAC,$15.80
RNAZ,$0.7778
RNTX,$2.00
RNW,$6.11
RNWWW,$0.13
RNXT,$0.9858
ROAD,$71.58
ROCK,$65.43
ROIV,$10.66
ROKU,$67.78
ROMA,$0.7775
ROOT,$151.73
ROP,$569.29
ROST,$124.21
RPAY,$5.67
RPD,$27.99
RPID,$2.46
RPRX,$32.77
RPTX,$1.10
RR,$1.69
RRBI,$53.75
RRGB,$4.52
RRR,$45.04
RSLS,$0.6355
RSSS,$2.97
RSVR,$7.44
RSVRW,$0.9192
RTC,$0.2958
RUM,$8.03
RUMBW,$2.75
RUN,$6.50
RUSHA,$53.60
RUSHB,$54.09
RVMD,$39.12
RVMDW,$0.10
RVPH,$1.11
RVPHW,$0.0604
RVSB,$5.19
RVSN,$0.5096
RVSNW,$0.1011
RVYL,$0.9622
RWAY,$10.97
RWAYL,$25.04
RWAYZ,$25.1749
RXRX,$6.35
RXST,$25.84
RXT,$2.10
RYAAY,$47.30
RYTM,$50.97
RZLT,$3.60
RZLV,$1.87
RZLVW,$0.3488
SABR,$3.33
SABS,$1.61
SABSW,$0.0253
SAFT,$78.14
SAG,$0.6498
SAGE,$7.72
SAGT,$3.40
SAIA,$353.64
SAIC,$104.43
SAIH,$0.3886
SAIHW,$0.0829
SAIL,$18.70
SAMG,$16.86
SANA,$2.93
SANG,$4.525
SANM,$75.63
SANW,$7.11
SASR,$29.12
SATL,$3.575
SATLW,$0.4976
SATS,$26.14
SAVA,$2.79
SBAC,$218.23
SBC,$3.26
SBCF,$25.95
SBCWW,$0.2195
SBET,$0.3562
SBFG,$19.40
SBFM,$1.93
SBFMW,$0.2092
SBGI,$14.85
SBLK,$16.60
SBRA,$17.30
SBT,$4.83
SBUX,$98.11
SCHL,$19.42
SCKT,$1.16
SCLX,$0.2982
SCLXW,$0.1088
SCNI,$3.345
SCNX,$1.49
SCOR,$6.00
SCPH,$3.03
SCSC,$36.09
SCVL,$21.85
SCWO,$0.3504
SCYX,$0.932
SDA,$4.66
SDAWW,$0.1732
SDGR,$22.90
SDOT,$3.04
SDST,$0.62
SDSTW,$0.0725
SEAT,$2.86
SEATW,$0.1825
SEDG,$16.12
SEED,$1.897
SEER,$1.95
SEIC,$73.98
SELF,$5.15
SELX,$1.355
SENEA,$84.64
SENEB,$88.0749
SEPN,$6.30
SERA,$4.07
SERV,$7.66
SEVN,$12.765
SEZL,$232.51
SFBC,$51.19
SFD,$19.02
SFHG,$0.6731
SFIX,$3.83
SFM,$136.75
SFNC,$20.39
SFST,$32.73
SFWL,$1.01
SGA,$12.12
SGBX,$0.4891
SGC,$11.67
SGD,$1.23
SGHT,$2.72
SGLY,$0.76
SGMA,$1.04
SGML,$11.45
SGMO,$0.9812
SGMT,$3.74
SGRP,$1.3225
SGRY,$23.60
SHBI,$13.58
SHC,$11.59
SHEN,$12.28
SHFS,$0.2857
SHFSW,$0.0251
SHIM,$1.67
SHIP,$7.31
SHLS,$3.26
SHLT,$2.40
SHMD,$2.83
SHMDW,$0.2355
SHOO,$25.30
SHOT,$0.493
SHOTW,$0.1689
SHPH,$0.37
SHYF,$9.19
SIBN,$14.75
SIDU,$1.97
SIEB,$2.37
SIFY,$4.78
SIGA,$5.58
SIGI,$87.80
SIGIP,$18.462
SILC,$15.10
SILO,$1.38
SIMA,$10.17
SIMAU,$10.23
SIMAW,$0.13
SIMO,$53.02
SINT,$3.42
SION,$14.98
SIRI,$22.67
SISI,$0.7699
SITM,$167.03
SJ,$1.00
SJW,$54.09
SKBL,$11.00
SKGR,$11.69
SKGRW,$0.55
SKIN,$1.32
SKK,$0.87
SKWD,$49.78
SKYE,$2.50
SKYQ,$0.71
SKYT,$8.15
SKYW,$87.33
SKYX,$1.14
SLAB,$124.25
SLDB,$5.09
SLDP,$1.13
SLDPW,$0.1805
SLE,$0.35
SLGL,$0.5561
SLM,$29.26
SLMBP,$74.9899
SLN,$3.91
SLNG,$5.19
SLNH,$0.97
SLNHP,$5.495
SLNO,$49.34
SLP,$26.08
SLRC,$16.72
SLRN,$2.75
SLRX,$0.97
SLS,$1.14
SLXN,$1.31
SLXNW,$0.0632
SMBC,$53.70
SMCI,$42.17
SMID,$33.64
SMPL,$34.53
SMSI,$0.7455
SMTC,$39.60
SMTI,$32.39
SMTK,$2.12
SMX,$2.39
SMXT,$1.21
SMXWW,$0.0251
SNAL,$1.44
SNBR,$7.35
SNCR,$10.89
SNCRL,$25.08
SNCY,$13.12
SND,$2.315
SNDK,$54.82
SNDL,$1.51
SNDX,$12.95
SNES,$2.19
SNEX,$110.90
SNFCA,$12.18
SNGX,$2.30
SNOA,$3.53
SNPS,$446.23
SNPX,$2.72
SNRE,$45.96
SNSE,$0.451
SNT,$3.45
SNTG,$1.897
SNTI,$3.49
SNWV,$28.75
SNY,$57.75
SNYR,$3.55
SOBR,$0.6354
SOFI,$12.09
SOGP,$2.29
SOHO,$0.7901
SOHOB,$16.6972
SOHON,$17.2001
SOHOO,$16.5508
SOHU,$13.88
SOND,$2.40
SONDW,$0.0094
SONM,$2.1922
SONN,$1.3649
SONO,$11.42
SOPA,$1.17
SOPH,$3.22
SOTK,$3.63
SOUN,$10.34
SOUNW,$4.17
SOWG,$2.46
SPAI,$3.24
SPCB,$7.41
SPFI,$32.95
SPHL,$0.6001
SPKL,$10.75
SPKLW,$0.1295
SPNS,$27.66
SPOK,$15.79
SPPL,$0.4665
SPRB,$0.3351
SPRC,$0.375
SPRO,$0.7824
SPRY,$11.87
SPSC,$129.43
SPT,$23.97
SPTN,$20.07
SPWH,$1.11
SQFT,$0.611
SQFTP,$15.2801
SQFTW,$0.0345
SRAD,$20.08
SRBK,$11.42
SRCE,$61.09
SRDX,$28.30
SRM,$0.394
SRPT,$97.19
SRRK,$34.60
SRTS,$4.65
SRZN,$11.59
SRZNW,$0.0493
SSBI,$8.5701
SSBK,$32.06
SSKN,$2.78
SSNC,$81.41
SSP,$2.64
SSRM,$10.72
SSSS,$5.93
SSSSL,$24.60
SSTI,$15.18
SSYS,$9.87
STAA,$17.05
STAI,$1.90
STAK,$3.75
STBA,$38.38
STBX,$0.2667
STEC,$1.51
STEP,$53.67
STFS,$0.94
STGW,$5.99
STHO,$7.98
STI,$0.1452
STIM,$4.52
STKH,$1.17
STKL,$5.40
STKS,$2.67
STLD,$127.14
STNE,$9.72
STOK,$8.60
STRA,$79.90
STRK,$88.34
STRL,$121.37
STRM,$3.07
STRO,$0.8101
STRR,$2.19
STRRP,$9.41
STRS,$18.07
STRT,$43.35
STSS,$0.3391
STSSW,$0.0282
STTK,$1.19
STX,$87.90
SUGP,$0.7206
SUNE,$0.525
SUNS,$11.04
SUPN,$31.26
SURG,$1.18
SUUN,$4.67
SVC,$2.46
SVCCU,$10.11
SVCO,$5.07
SVII,$11.50
SVIIR,$0.08
SVIIW,$0.1111
SVRA,$2.61
SVRE,$5.20
SVREW,$0.0289
SWAG,$0.93
SWAGW,$0.0145
SWBI,$10.04
SWIM,$7.29
SWIN,$1.54
SWKH,$16.165
SWKHL,$24.7805
SWKS,$69.40
SWTX,$51.14
SWVL,$4.6608
SWVLW,$0.0142
SXTC,$2.82
SXTP,$1.89
SXTPW,$0.0252
SY,$0.895
SYBT,$68.54
SYBX,$1.26
SYM,$21.65
SYNA,$62.82
SYPR,$1.61
SYRA,$0.3401
SYRE,$18.04
SYRS,$0.0924
SYT,$2.00
SYTA,$2.00
SYTAW,$0.0697
TACT,$3.72
TAIT,$2.49
TALK,$2.85
TALKW,$0.1099
TANH,$2.895
TAOP,$0.2995
TARA,$4.31
TARS,$48.09
TASK,$13.67
TATT,$25.79
TAVI,$10.04
TAVIU,$10.24
TAYD,$31.39
TBBK,$51.84
TBCH,$13.56
TBH,$4.855
TBLA,$2.95
TBLAW,$0.18
TBLD,$17.56
TBMCR,$0.2572
TBNK,$8.36
TBPH,$9.23
TBRG,$26.92
TC,$0.77
TCBI,$74.65
TCBIO,$20.59
TCBK,$41.255
TCBP,$1.73
TCBS,$16.2501
TCBX,$32.375
TCMD,$13.16
TCOM,$62.03
TCPC,$8.08
TCRT,$1.4301
TCRX,$1.74
TCTM,$0.3577
TCX,$17.20
TDAC,$10.05
TDACW,$0.1355
TDTH,$0.98
TDUP,$2.30
TEAM,$218.44
TECH,$62.16
TECTP,$10.58
TECX,$25.63
TELA,$2.35
TELO,$4.58
TEM,$47.17
TENB,$36.06
TENX,$6.41
TER,$86.74
TERN,$3.18
TFIN,$61.09
TFINP,$21.60
TFSL,$12.31
TGL,$0.1232
TGTX,$40.84
TH,$5.695
THAR,$1.45
THCH,$3.34
THFF,$49.84
THRD,$3.43
THRM,$30.39
THRY,$15.32
THTX,$1.575
TIGO,$30.38
TIGR,$7.65
TIL,$19.88
TILE,$19.22
TIPT,$22.57
TIRX,$1.52
TITN,$14.49
TIVC,$3.29
TKLF,$3.40
TKNO,$5.58
TLF,$2.98
TLN,$204.93
TLPH,$0.56
TLRY,$0.6099
TLS,$2.67
TLSA,$1.57
TLSI,$5.26
TLX,$17.30
TMC,$1.85
TMCI,$7.95
TMCWW,$0.2099
TMDX,$68.53
TMUS,$255.98
TNDM,$19.17
TNFA,$0.368
TNGX,$1.95
TNMG,$1.225
TNON,$0.9857
TNONW,$0.017
TNXP,$15.00
TNYA,$0.6989
TOI,$0.653
TOIIW,$0.0234
TOMZ,$0.83
TOP,$1.192
TORO,$2.33
TOUR,$1.08
TOWN,$34.53
TOYO,$2.97
TPCS,$2.85
TPG,$47.59
TPGXL,$25.62
TPIC,$1.07
TPST,$0.8396
TRAW,$2.74
TRDA,$10.81
TREE,$49.26
TRI,$172.17
TRIB,$0.6851
TRIN,$15.83
TRINI,$25.09
TRINZ,$25.09
TRIP,$13.84
TRMB,$69.39
TRMD,$18.28
TRMK,$34.11
TRML,$18.80
TRNR,$1.26
TRNS,$72.575
TROO,$1.08
TROW,$93.04
TRS,$24.15
TRSG,$1.63
TRST,$30.38
TRUE,$1.88
TRUG,$0.40
TRUP,$35.26
TRVG,$4.12
TRVI,$6.75
TSAT,$25.35
TSBK,$30.115
TSBX,$0.3718
TSCO,$51.83
TSEM,$38.97
TSHA,$1.72
TSLA,$249.98
TSSI,$9.65
TSVT,$4.95
TTAN,$93.00
TTD,$53.94
TTEC,$3.43
TTEK,$29.12
TTGT,$13.18
TTMI,$21.83
TTNP,$3.63
TTSH,$6.04
TTWO,$204.57
TURB,$2.286
TURN,$3.68
TUSK,$2.25
TVGN,$1.17
TVGNW,$0.0645
TVTX,$19.73
TW,$135.80
TWFG,$29.05
TWG,$0.1603
TWIN,$7.795
TWNP,$7.15
TWST,$39.96
TXG,$10.34
TXMD,$0.7252
TXN,$176.42
TXRH,$172.49
TYGO,$0.918
TYRA,$11.50
TZOO,$14.48
TZUP,$3.70
UAL,$73.67
UBCP,$13.18
UBFO,$9.18
UBSI,$34.56
UBX,$1.77
UBXG,$3.90
UCAR,$2.64
UCL,$1.25
UCTT,$25.25
UDMY,$8.20
UEIC,$6.90
UFCS,$29.13
UFG,$4.78
UFPI,$106.55
UFPT,$210.695
UG,$9.9823
UGRO,$0.7558
UHG,$3.36
UK,$1.12
UKOMW,$0.009
ULBI,$5.515
ULCC,$5.95
ULH,$26.12
ULTA,$357.48
ULY,$0.2911
UMBF,$101.42
UMBFP,$25.25
UNB,$28.31
UNCY,$0.585
UNIT,$4.95
UNTY,$42.445
UOKA,$0.1611
UONE,$1.39
UONEK,$0.62
UPB,$9.61
UPBD,$24.56
UPC,$0.103
UPLD,$3.10
UPST,$48.54
UPWK,$12.60
UPXI,$2.52
URBN,$48.81
URGN,$11.07
UROY,$1.80
USAR,$18.55
USARW,$1.375
USAU,$8.99
USCB,$18.24
USEA,$1.86
USEG,$1.36
USGO,$9.78
USGOW,$1.28
USIO,$1.47
USLM,$93.22
UTHR,$307.24
UTMD,$57.30
UTSI,$2.40
UVSP,$28.27
UXIN,$4.19
VABK,$35.76
VACH,$10.16
VACHU,$10.23
VACHW,$0.14
VALN,$6.791
VALU,$39.60
VANI,$1.09
VBFC,$80.15
VBNK,$10.31
VBTX,$24.45
VC,$80.61
VCEL,$45.38
VCIC,$10.14
VCICU,$10.32
VCICW,$0.1882
VCIG,$0.758
VCSA,$5.23
VCTR,$57.97
VCYT,$31.51
VECO,$21.48
VEEA,$1.72
VEEAW,$0.075
VEEE,$0.3998
VEON,$42.04
VERA,$27.99
VERB,$4.98
VERI,$2.61
VERO,$2.65
VERU,$0.4844
VERV,$5.97
VERX,$33.59
VFF,$0.689
VFS,$3.28
VFSWW,$0.25
VGAS,$3.93
VGASW,$0.28
VIASP,$24.0392
VIAV,$10.94
VICR,$53.66
VIGL,$2.02
VINC,$0.8228
VINP,$9.63
VIOT,$1.88
VIR,$7.15
VIRC,$9.94
VIRT,$35.71
VITL,$30.94
VIVK,$0.90
VKTX,$30.89
VLCN,$0.879
VLGEA,$33.04
VLY,$8.80
VLYPN,$25.05
VLYPO,$25.00
VLYPP,$24.8001
VMAR,$0.632
VMD,$7.57
VMEO,$5.43
VNDA,$4.98
VNET,$11.65
VNOM,$43.30
VOD,$9.55
VOR,$0.8955
VOXR,$2.58
VOXX,$7.48
VRA,$2.46
VRAR,$1.20
VRAX,$1.37
VRCA,$0.5373
VRDN,$15.92
VREX,$12.50
VRM,$25.3184
VRME,$0.7804
VRMEW,$0.05
VRNA,$61.39
VRNS,$40.01
VRNT,$21.75
VRPX,$0.1665
VRRM,$20.66
VRSK,$288.58
VRSN,$238.35
VRTX,$504.77
VS,$2.19
VSAT,$9.85
VSEC,$113.89
VSEE,$1.27
VSME,$0.90
VSSYW,$0.0648
VSTA,$3.36
VSTE,$0.5091
VSTEW,$0.0404
VSTM,$6.96
VTGN,$2.70
VTRS,$9.10
VTSI,$5.13
VTVT,$14.85
VTYX,$1.41
VUZI,$2.36
VVOS,$3.30
VVPR,$0.6886
VXRT,$0.5391
VYGR,$3.90
VYNE,$1.85
WABC,$51.47
WAFD,$28.24
WAFDP,$16.545
WAFU,$1.47
WAI,$0.228
WALD,$3.21
WASH,$30.85
WATT,$0.335
WAVE,$8.04
WAY,$36.47
WB,$10.555
WBA,$11.23
WBD,$10.19
WBTN,$8.50
WCT,$0.55
WDAY,$244.17
WDC,$44.53
WDFC,$238.58
WEN,$15.35
WERN,$29.91
WEST,$6.88
WETH,$1.35
WETO,$3.90
WEYS,$29.50
WFCF,$11.575
WFRD,$53.11
WGRX,$2.90
WGS,$98.47
WGSWW,$0.25
WHF,$9.91
WHFCL,$25.24
WHLR,$1.15
WHLRD,$30.61
WHLRL,$182.40
WHLRP,$3.9801
WILC,$17.55
WIMI,$0.77
WINA,$313.51
WING,$213.20
WINT,$2.05
WINV,$12.01
WINVR,$0.105
WIX,$172.59
WKEY,$4.87
WKHS,$0.2082
WKSP,$0.3656
WLAC,$10.00
WLACU,$10.1001
WLACW,$0.221
WLDN,$40.36
WLDS,$0.451
WLDSW,$0.3734
WLFC,$175.91
WLGS,$4.08
WMG,$32.91
WMPN,$10.77
WNEB,$8.96
WNW,$0.1494
WOK,$0.64
WOOF,$2.39
WORX,$0.7759
WPRT,$3.52
WRAP,$2.26
WRD,$18.40
WRLD,$121.47
WSBC,$31.76
WSBCP,$25.20
WSBF,$13.84
WSC,$29.95
WSFS,$52.00
WTBA,$20.47
WTFC,$110.85
WTFCM,$25.2115
WTFCP,$25.30
WTO,$0.1893
WTW,$324.61
WULF,$3.26
WVE,$10.22
WVVI,$6.1369
WVVIP,$3.39
WW,$0.508
WWD,$180.53
WYHG,$9.21
WYNN,$86.18
XAGE,$0.2474
XAIR,$0.2686
XBIO,$3.50
XBIT,$3.31
XBP,$1.11
XBPEW,$0.0399
XCH,$1.36
XCUR,$12.83
XEL,$69.75
XELB,$0.2812
XENE,$35.32
XERS,$4.82
XFOR,$0.3401
XGN,$3.56
XHG,$0.8493
XHLD,$0.4639
XLO,$0.8002
XMTR,$24.80
XNCR,$12.76
XNET,$4.59
XOMA,$20.435
XOMAO,$25.41
XOMAP,$25.60
XOS,$3.83
XOSWW,$0.0122
XP,$14.67
XPEL,$32.45
XPON,$0.92
XRAY,$15.56
XRTX,$1.0101
XRX,$5.79
XTIA,$2.85
XTKG,$0.7096
XTLB,$1.28
XWEL,$0.99
XXII,$1.72
XYLO,$5.04
YAAS,$2.56
YGMZ,$0.98
YHC,$1.89
YHGJ,$1.00
YHNAR,$0.1301
YI,$8.70
YIBO,$1.56
YJ,$1.98
YMAB,$4.67
YORW,$34.66
YOSH,$20.19
YOTAR,$0.1877
YOTAW,$0.05
YQ,$1.98
YSXT,$2.80
YTRA,$0.8629
YXT,$0.99
YY,$47.68
YYAI,$0.707
YYGH,$1.6827
Z,$70.58
ZAPP,$0.8101
ZAPPW,$0.0099
ZBAI,$1.12
ZBAO,$1.357
ZBIO,$8.25
ZBRA,$278.97
ZCAR,$0.3167
ZCARW,$0.014
ZCMD,$1.201
ZD,$40.25
ZENA,$3.49
ZENV,$1.56
ZEO,$1.60
ZEOWW,$0.0848
ZEUS,$32.85
ZG,$68.50
ZI,$10.45
ZIMV,$12.04
ZION,$48.63
ZIONP,$23.7393
ZJK,$4.91
ZJYL,$0.8517
ZKIN,$1.30
ZLAB,$38.20
ZM,$74.20
ZNTL,$1.77
ZOOZ,$1.80
ZOOZW,$0.0407
ZS,$197.81
ZSPC,$9.68
ZTEK,$0.9201
ZUMZ,$13.82
ZURA,$1.28
ZVRA,$8.31
ZVSA,$0.7899
ZYBT,$4.50
ZYME,$12.25
ZYXI,$2.97
